id;login;email;mot_de_passe;prenom;nom;telephone;role;actif;date_inscription;date_bannissement;est_banni
1;souvent ah;"mIGH@H%.?U";alors que large près de;presque;dynamique;0225268855;SECOURISTE;false;2026-04-22T17:59:14;2026-04-23T05:18:46;true
2;à l'exception de reprendre alentour;"H_@Q.4K6CBp";avant que;hi;délégation depuis énorme;+33 550352878;AUTORITE_LOCALE;true;2026-04-22T17:51:52;2026-04-22T18:41:16;true
3;lunatique;"JBB@F2t-sI.8?LNG`";chezXXXX;suivre;conseil d’administration communauté étudiante snif;+33 627473567;ADMINISTRATEUR;false;2026-04-23T02:59:06;2026-04-22T19:41:26;true
4;juriste ouch;"]zT1+@[s|qA:.m?-";versXXXX;à côté de;en decà de falloir membre à vie;0700450913;AUTORITE_LOCALE;true;2026-04-23T03:51:07;2026-04-23T04:10:10;true
5;enX;"yB@}rZ4.#.H(4<";toc-tocX;vlan;bien que gai nonobstant;0751132539;ADMINISTRATEUR;true;2026-04-23T04:19:47;2026-04-23T04:24:15;true
6;soudain;"W\@=.v~9}";oups extatique;bè membre de l’équipe;sitôt que;+33 544354607;ADMINISTRATEUR;true;2026-04-22T18:32:59;2026-04-23T08:39:31;false
7;après que concernant;"0P!]@x7B)Z[.HXh";éloigner rose;en faveur de simple vroum;partout;0422236824;AUTORITE_LOCALE;true;2026-04-23T04:33:00;2026-04-23T08:08:28;true
8;moyennant de crainte que;"t@h.pi<'u";gestionnaire;charitable;veiller bang;+33 375389117;AGENT_AUTORITE;false;2026-04-23T05:25:47;2026-04-22T21:42:15;true
9;dès que avant de dans la mesure où;"ev[@7q,2.}yLT";plus cuicui du fait que;de façon que rectorat diplomate;formuler sans que envisager;+33 478219457;AGENT_AUTORITE;true;2026-04-23T09:46:00;2026-04-22T13:17:43;true
10;partenaire par rapport à;"z(fRH{@<cWS1.j;yxRQ";en plus de dorénavant ouin;calme du fait que secours;très;+33 631593158;SECOURISTE;false;2026-04-23T04:17:05;2026-04-22T19:15:35;false
11;reconnaître quant à;"bF;!@%,\G]?.W";orangeXX;après-demain agréable de façon que;brusque extra partenaire;0620648425;ADMINISTRATEUR;false;2026-04-23T02:50:31;2026-04-22T15:04:17;false
12;ouf rapide étant donné que;"e@#.{3";gravirXX;si;coin-coin;+33 381792777;AGENT_AUTORITE;true;2026-04-23T01:10:26;2026-04-23T05:36:26;true
13;éviter réciter;"F9/+.@Ms>}(.pxhW]";mélancolique racheter derrière;snif;areu areu à force de;0345559619;CITOYEN_AIDANT;true;2026-04-23T07:54:00;2026-04-22T20:42:40;true
14;davantage porte-parole craquer;"`|%<Al@I3.#q|(&%";miaou à la faveur de;photographier;de manière à courir;0134203684;AGENT_AUTORITE;false;2026-04-22T12:11:49;2026-04-22T14:46:34;false
15;taper remplir permettre;"c]mW.@85$.\_Zc#";moins à partir de;bientôt corps enseignant assimiler;extrêmement avant que;+33 166915239;SINISTRE;false;2026-04-23T07:23:31;2026-04-22T18:49:32;false
16;ferme personnel professionnel;"i@-/.\";hôte antagoniste chef de cuisine;atchoum filer;grrr minuscule;+33 774271356;ADMINISTRATEUR;false;2026-04-22T17:25:21;2026-04-22T20:55:00;false
17;lécher conseil municipal biathlète;"`'NS8`@;hv#.F8O";areu areu areu areu;de manière à ce que rectangulaire;étant donné que avant absolument;0122210517;AUTORITE_LOCALE;false;2026-04-22T15:07:36;2026-04-22T13:42:05;false
18;aussi rapide;"Yo{g@Rey!U.6*.";un peuXX;préparer;toc-toc;+33 495261421;AUTORITE_LOCALE;true;2026-04-22T14:34:27;2026-04-23T11:15:55;false
19;ronron de manière à ce que zzzz;"w@:d.)Y";exagérer triangulaire;trancher deçà alors que;dense hé;+33 778008841;SECOURISTE;true;2026-04-23T05:29:54;2026-04-22T12:22:50;true
20;conseil d’administration conseil municipal membre ;"&_b!)>@iy|Hx<.m/G";quand lâche tant;pauvre mince;jusque manier repérer;0797817991;AUTORITE_LOCALE;true;2026-04-22T23:29:22;2026-04-23T00:04:39;false
21;communauté étudiante sombre;"l@UJHp.d\q8";fidèle personnel professionnel;égoïste sembler;oh derrière coac coac;+33 708459200;AGENT_AUTORITE;true;2026-04-22T17:39:43;2026-04-22T19:08:20;false
22;ouin hé;"%@P~\.h7869";selonXXX;commis de cuisine;comme si bien que;+33 216707781;AUTORITE_LOCALE;true;2026-04-23T08:36:47;2026-04-23T04:58:58;false
23;affable presque parce que;"p@?wmEJN.2N";gigantesque quand ?;assimiler jusque;taire gestionnaire;+33 763466929;SINISTRE;false;2026-04-23T08:12:54;2026-04-23T11:20:43;true
24;orange en face de;"89t@8.Q2s9r";retrouver à cause de;ailleurs;négliger pour que rapide;0785589079;ADMINISTRATEUR;false;2026-04-22T19:17:07;2026-04-22T23:19:38;true
25;sitôt que applaudir fidèle;"zo1R~@B7,,.yd{/";lors triathlète circulaire;broum;pallier;0341724827;ADMINISTRATEUR;false;2026-04-22T21:15:13;2026-04-23T09:54:00;true
26;administration;"eGNIk@m:.MHv0!";souventX;un peu incognito;direction;+33 184483250;ADMINISTRATEUR;true;2026-04-23T11:36:57;2026-04-22T15:31:10;true
27;population du Québec cuicui afin de;"W56@;*~e>.bey";via vide bzzz;étant donné que;diplomate groin groin;+33 480998938;SECOURISTE;false;2026-04-23T05:21:37;2026-04-22T21:26:14;true
28;électorat;"uj~s~m@uA.r>b/q";chut en face de secouriste;beaucoup ouf;à l'entour de de crainte que;0435726439;CITOYEN_AIDANT;true;2026-04-23T00:09:34;2026-04-23T05:38:02;false
29;toutefois à côté de zzzz;"z/@V.dO?..0+_^";orienter;de façon que au-dessus;commis rectorat atchoum;+33 188015461;AUTORITE_LOCALE;true;2026-04-22T16:43:48;2026-04-22T12:49:24;true
30;actionnaire;"5[~i,@?\+-1'.(6xi6";concernant ensemble tracer;responsable;membre à vie;+33 475049892;AGENT_AUTORITE;true;2026-04-22T13:19:25;2026-04-23T07:30:20;true
